{
  "@microsoft/generator-sharepoint": {
    "plusBeta": false,
    "isCreatingSolution": true,
    "nodeVersion": "16.20.1",
    "sdksVersions": {
      "@microsoft/microsoft-graph-client": "3.0.2",
      "@microsoft/teams-js": "2.9.1"
    },
    "version": "1.17.4",
    "libraryName": "gmf-announcements",
    "libraryId": "08336e6a-5ae9-4d1c-90a9-fd0b85588da6",
    "environment": "spo",
    "packageManager": "npm",
    "solutionName": "gmf-announcements",
    "solutionShortDescription": "gmf-announcements description",
    "skipFeatureDeployment": true,
    "isDomainIsolated": false,
    "componentType": "webpart"
  }
}
