{
  "$schema": "https://developer.microsoft.com/json-schemas/spfx-build/package-solution.schema.json",
  "solution": {
    "name": "gmf-announcements-client-side-solution",
    "id": "08336e6a-5ae9-4d1c-90a9-fd0b85588da6",
    "version": "1.0.0.0",
    "includeClientSideAssets": true,
    "skipFeatureDeployment": true,
    "isDomainIsolated": false,
    "developer": {
      "name": "",
      "websiteUrl": "",
      "privacyUrl": "",
      "termsOfUseUrl": "",
      "mpnId": "Undefined-1.17.4"
    },
    "metadata": {
      "shortDescription": {
        "default": "gmf-announcements description"
      },
      "longDescription": {
        "default": "gmf-announcements description"
      },
      "screenshotPaths": [],
      "videoUrl": "",
      "categories": []
    },
    "features": [
      {
        "title": "gmf-announcements Feature",
        "description": "The feature that activates elements of the gmf-announcements solution.",
        "id": "4bee4b60-ac5b-4830-b652-b9c65e0e4cfb",
        "version": "1.0.0.0"
      }
    ]
  },
  "paths": {
    "zippedPackage": "solution/gmf-announcements.sppkg"
  }
}
