<?xml version="1.0" encoding="utf-8"?><App xmlns="http://schemas.microsoft.com/sharepoint/2012/app/manifest" Name="gmf-announcements-client-side-solution" ProductID="08336e6a-5ae9-4d1c-90a9-fd0b85588da6" SharePointMinVersion="16.0.0.0" IsClientSideSolution="true" Version="1.0.0.0" SkipFeatureDeployment="true" IsDomainIsolated="false"><Properties><Title>gmf-announcements-client-side-solution</Title><DeveloperProperties>{&quot;name&quot;:&quot;&quot;,&quot;websiteUrl&quot;:&quot;&quot;,&quot;privacyUrl&quot;:&quot;&quot;,&quot;termsOfUseUrl&quot;:&quot;&quot;,&quot;mpnId&quot;:&quot;Undefined-1.17.4&quot;}</DeveloperProperties><ShortDescription><LocalizedString CultureName="default">gmf-announcements description</LocalizedString></ShortDescription><LongDescription><LocalizedString CultureName="default">gmf-announcements description</LocalizedString></LongDescription><Screenshots></Screenshots></Properties></App>